{
    "accuracies": [
        0.96,
        0.868421052631579,
        0.96,
        0.7733333333333333,
        0.8533333333333334,
        0.9452054794520548,
        0.9733333333333334,
        0.5492957746478874,
        0.547945205479452,
        0.9722222222222222,
        0.7945205479452054,
        0.821917808219178,
        0.547945205479452,
        0.5945945945945946,
        0.8472222222222222
    ],
    "f1s": [
        0.9578835978835978,
        0.8644490844073247,
        0.9594156378600824,
        0.7461030085253293,
        0.8538442848619467,
        0.9420091324200913,
        0.9724545454545455,
        0.5361247424213456,
        0.5461622091759077,
        0.9722222222222222,
        0.797263800003526,
        0.7508833136661364,
        0.5521262524136044,
        0.591247178050006,
        0.7984397677793905
    ],
    "mean_accuracy": 0.8006193408595899,
    "mean_f1": 0.7893752518096703
}