{
    "accuracies": [
        0.88,
        0.8552631578947368,
        0.9733333333333334,
        0.8266666666666667,
        0.88,
        0.9452054794520548,
        0.8933333333333333,
        0.6619718309859155,
        0.7397260273972602,
        0.8611111111111112,
        0.7671232876712328,
        0.8356164383561644,
        0.7123287671232876,
        0.7567567567567568,
        0.8333333333333334
    ],
    "f1s": [
        0.8502068965517242,
        0.8382128187983571,
        0.9728019323671497,
        0.7549918699186992,
        0.8794579945799458,
        0.9420091324200913,
        0.8779717509493759,
        0.6571428571428571,
        0.7510671656309723,
        0.8521896597554492,
        0.726812374942281,
        0.7643835616438357,
        0.7236036754667199,
        0.7411585764526942,
        0.7685185185185185
    ],
    "mean_accuracy": 0.828117968227679,
    "mean_f1": 0.8067019190092447
}