{
    "accuracies": [
        0.88,
        0.8552631578947368,
        0.9733333333333334,
        0.8,
        0.8666666666666667,
        0.9178082191780822,
        0.9333333333333333,
        0.5633802816901409,
        0.589041095890411,
        0.8611111111111112,
        0.7808219178082192,
        0.8356164383561644,
        0.6438356164383562,
        0.7972972972972973,
        0.8333333333333334
    ],
    "f1s": [
        0.8502068965517242,
        0.84306046422772,
        0.9728019323671497,
        0.749609710550887,
        0.8646096581447743,
        0.9090410958904109,
        0.9297303976079274,
        0.5403250270855904,
        0.5795091324200913,
        0.840530303030303,
        0.7678809683632796,
        0.7643835616438357,
        0.6554957599478147,
        0.7737359207947442,
        0.7685185185185185
    ],
    "mean_accuracy": 0.808722786822079,
    "mean_f1": 0.7872959564763182
}