{
    "accuracies": [
        0.8666666666666667,
        0.868421052631579,
        0.9733333333333334,
        0.8266666666666667,
        0.88,
        0.9315068493150684,
        0.9733333333333334,
        0.5633802816901409,
        0.7534246575342466,
        0.8888888888888888,
        0.7945205479452054,
        0.8493150684931506,
        0.5068493150684932,
        0.6756756756756757,
        0.8611111111111112
    ],
    "f1s": [
        0.8266233766233767,
        0.8575566824036835,
        0.9728019323671497,
        0.7755108759553204,
        0.8770683495888316,
        0.9259891411503317,
        0.9724545454545455,
        0.5664580073030778,
        0.7633780782766436,
        0.8911443494776827,
        0.7830215595673171,
        0.7948757414664757,
        0.5371504324221956,
        0.6755917408091321,
        0.8248626373626374
    ],
    "mean_accuracy": 0.8142062298902374,
    "mean_f1": 0.8029658300152267
}