{
    "accuracies": [
        0.9066666666666666,
        0.8552631578947368,
        0.9733333333333334,
        0.8133333333333334,
        0.9466666666666667,
        0.9452054794520548,
        0.96,
        0.5633802816901409,
        0.6712328767123288,
        0.9166666666666666,
        0.7534246575342466,
        0.8356164383561644,
        0.6164383561643836,
        0.5945945945945946,
        0.8611111111111112
    ],
    "f1s": [
        0.8912941176470588,
        0.8447333066207839,
        0.9728019323671497,
        0.7533333333333333,
        0.9463939393939395,
        0.9420091324200913,
        0.9593219241443108,
        0.56604011533589,
        0.6863428396614433,
        0.9169391025641027,
        0.7467584792322907,
        0.7643835616438357,
        0.6232572298325721,
        0.6065286065286065,
        0.8248626373626374
    ],
    "mean_accuracy": 0.8141955746784285,
    "mean_f1": 0.8030000172058697
}