{
    "accuracies": [
        0.88,
        0.868421052631579,
        0.9733333333333334,
        0.8266666666666667,
        0.8533333333333334,
        0.9452054794520548,
        0.92,
        0.6056338028169014,
        0.7534246575342466,
        0.8611111111111112,
        0.7945205479452054,
        0.8356164383561644,
        0.7397260273972602,
        0.7432432432432432,
        0.8333333333333334
    ],
    "f1s": [
        0.8502068965517242,
        0.8569028955367142,
        0.9728019323671497,
        0.759766081871345,
        0.8520574148445635,
        0.9420091324200913,
        0.9085008130081299,
        0.6022574191588277,
        0.757632414744474,
        0.840530303030303,
        0.7406141803402079,
        0.7643835616438357,
        0.752764233934422,
        0.7338118746787478,
        0.7685185185185185
    ],
    "mean_accuracy": 0.8289046018102956,
    "mean_f1": 0.8068505115099369
}