{
    "S10": {
        "1": {
            "precision": 0.8125,
            "recall": 1.0,
            "f1-score": 0.896551724137931,
            "support": 39.0
        },
        "2": {
            "precision": 1.0,
            "recall": 1.0,
            "f1-score": 1.0,
            "support": 24.0
        },
        "3": {
            "precision": 1.0,
            "recall": 0.25,
            "f1-score": 0.4,
            "support": 12.0
        },
        "accuracy": 0.88,
        "macro avg": {
            "precision": 0.9375,
            "recall": 0.75,
            "f1-score": 0.7655172413793103,
            "support": 75.0
        },
        "weighted avg": {
            "precision": 0.9025,
            "recall": 0.88,
            "f1-score": 0.8502068965517242,
            "support": 75.0
        }
    },
    "S11": {
        "1": {
            "precision": 0.8297872340425532,
            "recall": 0.975,
            "f1-score": 0.896551724137931,
            "support": 40.0
        },
        "2": {
            "precision": 0.8695652173913043,
            "recall": 0.8695652173913043,
            "f1-score": 0.8695652173913043,
            "support": 23.0
        },
        "3": {
            "precision": 1.0,
            "recall": 0.46153846153846156,
            "f1-score": 0.631578947368421,
            "support": 13.0
        },
        "accuracy": 0.8552631578947368,
        "macro avg": {
            "precision": 0.8997841504779526,
            "recall": 0.768701226309922,
            "f1-score": 0.7992319629658855,
            "support": 76.0
        },
        "weighted avg": {
            "precision": 0.8709406494960806,
            "recall": 0.8552631578947368,
            "f1-score": 0.84306046422772,
            "support": 76.0
        }
    },
    "S13": {
        "1": {
            "precision": 1.0,
            "recall": 1.0,
            "f1-score": 1.0,
            "support": 40.0
        },
        "2": {
            "precision": 0.9166666666666666,
            "recall": 1.0,
            "f1-score": 0.9565217391304348,
            "support": 22.0
        },
        "3": {
            "precision": 1.0,
            "recall": 0.8461538461538461,
            "f1-score": 0.9166666666666666,
            "support": 13.0
        },
        "accuracy": 0.9733333333333334,
        "macro avg": {
            "precision": 0.9722222222222222,
            "recall": 0.9487179487179488,
            "f1-score": 0.9577294685990339,
            "support": 75.0
        },
        "weighted avg": {
            "precision": 0.9755555555555554,
            "recall": 0.9733333333333334,
            "f1-score": 0.9728019323671497,
            "support": 75.0
        }
    },
    "S14": {
        "1": {
            "precision": 0.9090909090909091,
            "recall": 1.0,
            "f1-score": 0.9523809523809523,
            "support": 40.0
        },
        "2": {
            "precision": 0.6551724137931034,
            "recall": 0.8636363636363636,
            "f1-score": 0.7450980392156863,
            "support": 22.0
        },
        "3": {
            "precision": 0.5,
            "recall": 0.07692307692307693,
            "f1-score": 0.13333333333333333,
            "support": 13.0
        },
        "accuracy": 0.8,
        "macro avg": {
            "precision": 0.6880877742946708,
            "recall": 0.6468531468531469,
            "f1-score": 0.6102707749766573,
            "support": 75.0
        },
        "weighted avg": {
            "precision": 0.7636990595611285,
            "recall": 0.8,
            "f1-score": 0.749609710550887,
            "support": 75.0
        }
    },
    "S15": {
        "1": {
            "precision": 0.8863636363636364,
            "recall": 1.0,
            "f1-score": 0.9397590361445783,
            "support": 39.0
        },
        "2": {
            "precision": 1.0,
            "recall": 0.782608695652174,
            "f1-score": 0.8780487804878049,
            "support": 23.0
        },
        "3": {
            "precision": 0.6153846153846154,
            "recall": 0.6153846153846154,
            "f1-score": 0.6153846153846154,
            "support": 13.0
        },
        "accuracy": 0.8666666666666667,
        "macro avg": {
            "precision": 0.8339160839160839,
            "recall": 0.7993311036789298,
            "f1-score": 0.8110641440056662,
            "support": 75.0
        },
        "weighted avg": {
            "precision": 0.8742424242424242,
            "recall": 0.8666666666666667,
            "f1-score": 0.8646096581447743,
            "support": 75.0
        }
    },
    "S16": {
        "1": {
            "precision": 1.0,
            "recall": 1.0,
            "f1-score": 1.0,
            "support": 39.0
        },
        "2": {
            "precision": 0.7857142857142857,
            "recall": 1.0,
            "f1-score": 0.88,
            "support": 22.0
        },
        "3": {
            "precision": 1.0,
            "recall": 0.5,
            "f1-score": 0.6666666666666666,
            "support": 12.0
        },
        "accuracy": 0.9178082191780822,
        "macro avg": {
            "precision": 0.9285714285714285,
            "recall": 0.8333333333333334,
            "f1-score": 0.8488888888888888,
            "support": 73.0
        },
        "weighted avg": {
            "precision": 0.9354207436399216,
            "recall": 0.9178082191780822,
            "f1-score": 0.9090410958904109,
            "support": 73.0
        }
    },
    "S17": {
        "1": {
            "precision": 0.9069767441860465,
            "recall": 1.0,
            "f1-score": 0.9512195121951219,
            "support": 39.0
        },
        "2": {
            "precision": 1.0,
            "recall": 0.9583333333333334,
            "f1-score": 0.9787234042553191,
            "support": 24.0
        },
        "3": {
            "precision": 0.8888888888888888,
            "recall": 0.6666666666666666,
            "f1-score": 0.7619047619047619,
            "support": 12.0
        },
        "accuracy": 0.9333333333333333,
        "macro avg": {
            "precision": 0.9319552110249784,
            "recall": 0.875,
            "f1-score": 0.8972825594517343,
            "support": 75.0
        },
        "weighted avg": {
            "precision": 0.9338501291989665,
            "recall": 0.9333333333333333,
            "f1-score": 0.9297303976079274,
            "support": 75.0
        }
    },
    "S2": {
        "1": {
            "precision": 1.0,
            "recall": 0.3157894736842105,
            "f1-score": 0.48,
            "support": 38.0
        },
        "2": {
            "precision": 0.5161290322580645,
            "recall": 0.7619047619047619,
            "f1-score": 0.6153846153846154,
            "support": 21.0
        },
        "3": {
            "precision": 0.42857142857142855,
            "recall": 1.0,
            "f1-score": 0.6,
            "support": 12.0
        },
        "accuracy": 0.5633802816901409,
        "macro avg": {
            "precision": 0.6482334869431644,
            "recall": 0.6925647451963242,
            "f1-score": 0.5651282051282052,
            "support": 71.0
        },
        "weighted avg": {
            "precision": 0.7603037580320634,
            "recall": 0.5633802816901409,
            "f1-score": 0.5403250270855904,
            "support": 71.0
        }
    },
    "S3": {
        "1": {
            "precision": 1.0,
            "recall": 0.5789473684210527,
            "f1-score": 0.7333333333333333,
            "support": 38.0
        },
        "2": {
            "precision": 0.5,
            "recall": 0.9545454545454546,
            "f1-score": 0.65625,
            "support": 22.0
        },
        "3": {
            "precision": 0.0,
            "recall": 0.0,
            "f1-score": 0.0,
            "support": 13.0
        },
        "accuracy": 0.589041095890411,