{
    "S10": {
        "0": {
            "precision": 0.8478260869565217,
            "recall": 1.0,
            "f1-score": 0.9176470588235294,
            "support": 39.0
        },
        "1": {
            "precision": 1.0,
            "recall": 1.0,
            "f1-score": 1.0,
            "support": 24.0
        },
        "2": {
            "precision": 1.0,
            "recall": 0.4166666666666667,
            "f1-score": 0.5882352941176471,
            "support": 12.0
        },
        "accuracy": 0.9066666666666666,
        "macro avg": {
            "precision": 0.9492753623188405,
            "recall": 0.8055555555555555,
            "f1-score": 0.8352941176470589,
            "support": 75.0
        },
        "weighted avg": {
            "precision": 0.9208695652173913,
            "recall": 0.9066666666666666,
            "f1-score": 0.8912941176470588,
            "support": 75.0
        }
    },
    "S11": {
        "0": {
            "precision": 0.8297872340425532,
            "recall": 0.975,
            "f1-score": 0.896551724137931,
            "support": 40.0
        },
        "1": {
            "precision": 0.9523809523809523,
            "recall": 0.8695652173913043,
            "f1-score": 0.9090909090909091,
            "support": 23.0
        },
        "2": {
            "precision": 0.75,
            "recall": 0.46153846153846156,
            "f1-score": 0.5714285714285714,
            "support": 13.0
        },
        "accuracy": 0.8552631578947368,
        "macro avg": {
            "precision": 0.8440560621411685,
            "recall": 0.768701226309922,
            "f1-score": 0.7923570682191373,
            "support": 76.0
        },
        "weighted avg": {
            "precision": 0.8532401482429478,
            "recall": 0.8552631578947368,
            "f1-score": 0.8447333066207839,
            "support": 76.0
        }
    },
    "S13": {
        "0": {
            "precision": 1.0,
            "recall": 1.0,
            "f1-score": 1.0,
            "support": 40.0
        },
        "1": {
            "precision": 0.9166666666666666,
            "recall": 1.0,
            "f1-score": 0.9565217391304348,
            "support": 22.0
        },
        "2": {
            "precision": 1.0,
            "recall": 0.8461538461538461,
            "f1-score": 0.9166666666666666,
            "support": 13.0
        },
        "accuracy": 0.9733333333333334,
        "macro avg": {
            "precision": 0.9722222222222222,
            "recall": 0.9487179487179488,
            "f1-score": 0.9577294685990339,
            "support": 75.0
        },
        "weighted avg": {
            "precision": 0.9755555555555554,
            "recall": 0.9733333333333334,
            "f1-score": 0.9728019323671497,
            "support": 75.0
        }
    },
    "S14": {
        "0": {
            "precision": 1.0,
            "recall": 1.0,
            "f1-score": 1.0,
            "support": 40.0
        },
        "1": {
            "precision": 0.6176470588235294,
            "recall": 0.9545454545454546,
            "f1-score": 0.75,
            "support": 22.0
        },
        "2": {
            "precision": 0.0,
            "recall": 0.0,
            "f1-score": 0.0,
            "support": 13.0
        },
        "accuracy": 0.8133333333333334,
        "macro avg": {
            "precision": 0.5392156862745098,
            "recall": 0.6515151515151515,
            "f1-score": 0.5833333333333334,
            "support": 75.0
        },
        "weighted avg": {
            "precision": 0.7145098039215687,
            "recall": 0.8133333333333334,
            "f1-score": 0.7533333333333333,
            "support": 75.0
        }
    },
    "S15": {
        "0": {
            "precision": 0.9512195121951219,
            "recall": 1.0,
            "f1-score": 0.975,
            "support": 39.0
        },
        "1": {
            "precision": 1.0,
            "recall": 0.9130434782608695,
            "f1-score": 0.9545454545454546,
            "support": 23.0
        },
        "2": {
            "precision": 0.8461538461538461,
            "recall": 0.8461538461538461,
            "f1-score": 0.8461538461538461,
            "support": 13.0
        },
        "accuracy": 0.9466666666666667,
        "macro avg": {
            "precision": 0.9324577861163227,
            "recall": 0.919732441471572,
            "f1-score": 0.9252331002331003,
            "support": 75.0
        },
        "weighted avg": {
            "precision": 0.9479674796747967,
            "recall": 0.9466666666666667,
            "f1-score": 0.9463939393939395,
            "support": 75.0
        }
    },
    "S16": {
        "0": {
            "precision": 1.0,
            "recall": 1.0,
            "f1-score": 1.0,
            "support": 39.0
        },
        "1": {
            "precision": 0.8461538461538461,
            "recall": 1.0,
            "f1-score": 0.9166666666666666,
            "support": 22.0
        },
        "2": {
            "precision": 1.0,
            "recall": 0.6666666666666666,
            "f1-score": 0.8,
            "support": 12.0
        },
        "accuracy": 0.9452054794520548,
        "macro avg": {
            "precision": 0.9487179487179488,
            "recall": 0.8888888888888888,
            "f1-score": 0.9055555555555556,
            "support": 73.0
        },
        "weighted avg": {
            "precision": 0.9536354056902002,
            "recall": 0.9452054794520548,
            "f1-score": 0.9420091324200913,
            "support": 73.0
        }
    },
    "S17": {
        "0": {
            "precision": 0.9512195121951219,
            "recall": 1.0,
            "f1-score": 0.975,
            "support": 39.0
        },
        "1": {
            "precision": 1.0,
            "recall": 0.9583333333333334,
            "f1-score": 0.9787234042553191,
            "support": 24.0
        },
        "2": {
            "precision": 0.9090909090909091,
            "recall": 0.8333333333333334,
            "f1-score": 0.8695652173913043,
            "support": 12.0
        },
        "accuracy": 0.96,
        "macro avg": {
            "precision": 0.9534368070953437,
            "recall": 0.9305555555555557,
            "f1-score": 0.9410962072155411,
            "support": 75.0
        },
        "weighted avg": {
            "precision": 0.9600886917960088,
            "recall": 0.96,
            "f1-score": 0.9593219241443108,
            "support": 75.0
        }
    },
    "S2": {
        "0": {
            "precision": 1.0,
            "recall": 0.42105263157894735,
            "f1-score": 0.5925925925925926,
            "support": 38.0
        },
        "1": {
            "precision": 0.42857142857142855,
            "recall": 0.5714285714285714,
            "f1-score": 0.4897959183673469,
            "support": 21.0
        },
        "2": {
            "precision": 0.4444444444444444,
            "recall": 1.0,
            "f1-score": 0.6153846153846154,
            "support": 12.0
        },
        "accuracy": 0.5633802816901409,
        "macro avg": {
            "precision": 0.6243386243386243,
            "recall": 0.6641604010025063,
            "f1-score": 0.565924375448185,
            "support": 71.0
        },
        "weighted avg": {
            "precision": 0.7370892018779343,
            "recall": 0.5633802816901409,
            "f1-score": 0.56604011533589,
            "support": 71.0
        }
    },
    "S3": {
        "0": {
            "precision": 0.9259259259259259,
            "recall": 0.6578947368421053,
            "f1-score": 0.7692307692307693,
            "support": 38.0
        },
        "1": {
            "precision": 0.6428571428571429,
            "recall": 0.8181818181818182,
            "f1-score": 0.72,
            "support": 22.0
        },
        "2": {
            "precision": 0.3333333333333333,
            "recall": 0.46153846153846156,