{
    "S10": {
        "1": {
            "precision": 0.8125,
            "recall": 1.0,
            "f1-score": 0.896551724137931,
            "support": 39.0
        },
        "2": {
            "precision": 1.0,
            "recall": 1.0,
            "f1-score": 1.0,
            "support": 24.0
        },
        "3": {
            "precision": 1.0,
            "recall": 0.25,
            "f1-score": 0.4,
            "support": 12.0
        },
        "accuracy": 0.88,
        "macro avg": {
            "precision": 0.9375,
            "recall": 0.75,
            "f1-score": 0.7655172413793103,
            "support": 75.0
        },
        "weighted avg": {
            "precision": 0.9025,
            "recall": 0.88,
            "f1-score": 0.8502068965517242,
            "support": 75.0
        },
        "confusion_matrix": [
            [
                39,
                0,
                0
            ],
            [
                0,
                24,
                0
            ],
            [
                9,
                0,
                3
            ]
        ]
    },
    "S11": {
        "1": {
            "precision": 0.8863636363636364,
            "recall": 0.975,
            "f1-score": 0.9285714285714286,
            "support": 40.0
        },
        "2": {
            "precision": 0.875,
            "recall": 0.9130434782608695,
            "f1-score": 0.8936170212765957,
            "support": 23.0
        },
        "3": {
            "precision": 0.75,
            "recall": 0.46153846153846156,
            "f1-score": 0.5714285714285714,
            "support": 13.0
        },
        "accuracy": 0.868421052631579,
        "macro avg": {
            "precision": 0.837121212121212,
            "recall": 0.7831939799331104,
            "f1-score": 0.7978723404255318,
            "support": 76.0
        },
        "weighted avg": {
            "precision": 0.8595992822966507,
            "recall": 0.868421052631579,
            "f1-score": 0.8569028955367142,
            "support": 76.0
        },
        "confusion_matrix": [
            [
                39,
                1,
                0
            ],
            [
                0,
                21,
                2
            ],
            [
                5,
                2,
                6
            ]
        ]
    },
    "S13": {
        "1": {
            "precision": 1.0,
            "recall": 1.0,
            "f1-score": 1.0,
            "support": 40.0
        },
        "2": {
            "precision": 0.9166666666666666,
            "recall": 1.0,
            "f1-score": 0.9565217391304348,
            "support": 22.0
        },
        "3": {
            "precision": 1.0,
            "recall": 0.8461538461538461,
            "f1-score": 0.9166666666666666,
            "support": 13.0
        },
        "accuracy": 0.9733333333333334,
        "macro avg": {
            "precision": 0.9722222222222222,
            "recall": 0.9487179487179488,
            "f1-score": 0.9577294685990339,
            "support": 75.0
        },
        "weighted avg": {
            "precision": 0.9755555555555554,
            "recall": 0.9733333333333334,
            "f1-score": 0.9728019323671497,
            "support": 75.0
        },
        "confusion_matrix": [
            [
                40,
                0,
                0
            ],
            [
                0,
                22,
                0
            ],
            [
                0,
                2,
                11
            ]
        ]
    },
    "S14": {
        "1": {
            "precision": 1.0,
            "recall": 1.0,
            "f1-score": 1.0,
            "support": 40.0
        },
        "2": {
            "precision": 0.6285714285714286,
            "recall": 1.0,
            "f1-score": 0.7719298245614035,
            "support": 22.0
        },
        "3": {
            "precision": 0.0,
            "recall": 0.0,
            "f1-score": 0.0,
            "support": 13.0
        },
        "accuracy": 0.8266666666666667,
        "macro avg": {
            "precision": 0.5428571428571428,
            "recall": 0.6666666666666666,
            "f1-score": 0.5906432748538012,
            "support": 75.0
        },
        "weighted avg": {
            "precision": 0.7177142857142857,
            "recall": 0.8266666666666667,
            "f1-score": 0.759766081871345,
            "support": 75.0
        },
        "confusion_matrix": [
            [
                40,
                0,
                0
            ],
            [
                0,
                22,
                0
            ],
            [
                0,
                13,
                0
            ]
        ]
    },
    "S15": {
        "1": {
            "precision": 0.8863636363636364,
            "recall": 1.0,
            "f1-score": 0.9397590361445783,
            "support": 39.0
        },
        "2": {
            "precision": 1.0,
            "recall": 0.7391304347826086,
            "f1-score": 0.85,
            "support": 23.0
        },
        "3": {
            "precision": 0.5714285714285714,
            "recall": 0.6153846153846154,
            "f1-score": 0.5925925925925926,
            "support": 13.0
        },
        "accuracy": 0.8533333333333334,
        "macro avg": {
            "precision": 0.8192640692640693,
            "recall": 0.7848383500557414,
            "f1-score": 0.7941172095790568,
            "support": 75.0
        },
        "weighted avg": {
            "precision": 0.8666233766233766,
            "recall": 0.8533333333333334,
            "f1-score": 0.8520574148445635,
            "support": 75.0
        },
        "confusion_matrix": [
            [
                39,
                0,
                0
            ],
            [
                0,
                17,
                6
            ],
            [
                5,
                0,
                8
            ]
        ]
    },
    "S16": {
        "1": {
            "precision": 1.0,
            "recall": 1.0,
            "f1-score": 1.0,
            "support": 39.0
        },
        "2": {
            "precision": 0.8461538461538461,
            "recall": 1.0,
            "f1-score": 0.9166666666666666,
            "support": 22.0
        },
        "3": {
            "precision": 1.0,
            "recall": 0.6666666666666666,
            "f1-score": 0.8,
            "support": 12.0
        },
        "accuracy": 0.9452054794520548,
        "macro avg": {
            "precision": 0.9487179487179488,
            "recall": 0.8888888888888888,
            "f1-score": 0.9055555555555556,
            "support": 73.0
        },
        "weighted avg": {
            "precision": 0.9536354056902002,
            "recall": 0.9452054794520548,
            "f1-score": 0.9420091324200913,
            "support": 73.0
        },
        "confusion_matrix": [
            [
                39,
                0,
                0
            ],
            [
                0,
                22,
                0
            ],
            [
                0,
                4,
                8
            ]
        ]
    },
    "S17": {
        "1": {
            "precision": 0.9069767441860465,
            "recall": 1.0,
            "f1-score": 0.9512195121951219,
            "support": 39.0
        },
        "2": {
            "precision": 0.9230769230769231,
            "recall": 1.0,
            "f1-score": 0.96,
            "support": 24.0
        },
        "3": {
            "precision": 1.0,
            "recall": 0.5,
            "f1-score": 0.6666666666666666,
            "support": 12.0
        },
        "accuracy": 0.92,
        "macro avg": {
            "precision": 0.9433512224209899,
            "recall": 0.8333333333333334,
            "f1-score": 0.8592953929539294,
            "support": 75.0
        },