{
    "S10": {
        "0": {
            "precision": 0.7959183673469388,
            "recall": 1.0,
            "f1-score": 0.8863636363636364,
            "support": 39.0
        },
        "1": {
            "precision": 1.0,
            "recall": 1.0,
            "f1-score": 1.0,
            "support": 24.0
        },
        "2": {
            "precision": 1.0,
            "recall": 0.16666666666666666,
            "f1-score": 0.2857142857142857,
            "support": 12.0
        },
        "accuracy": 0.8666666666666667,
        "macro avg": {
            "precision": 0.9319727891156463,
            "recall": 0.7222222222222222,
            "f1-score": 0.7240259740259739,
            "support": 75.0
        },
        "weighted avg": {
            "precision": 0.8938775510204082,
            "recall": 0.8666666666666667,
            "f1-score": 0.8266233766233767,
            "support": 75.0
        },
        "confusion_matrix": [
            [
                39,
                0,
                0
            ],
            [
                0,
                24,
                0
            ],
            [
                10,
                0,
                2
            ]
        ]
    },
    "S11": {
        "0": {
            "precision": 0.8478260869565217,
            "recall": 0.975,
            "f1-score": 0.9069767441860465,
            "support": 40.0
        },
        "1": {
            "precision": 0.9545454545454546,
            "recall": 0.9130434782608695,
            "f1-score": 0.9333333333333333,
            "support": 23.0
        },
        "2": {
            "precision": 0.75,
            "recall": 0.46153846153846156,
            "f1-score": 0.5714285714285714,
            "support": 13.0
        },
        "accuracy": 0.868421052631579,
        "macro avg": {
            "precision": 0.8507905138339922,
            "recall": 0.7831939799331104,
            "f1-score": 0.8039128829826504,
            "support": 76.0
        },
        "weighted avg": {
            "precision": 0.8633893280632412,
            "recall": 0.868421052631579,
            "f1-score": 0.8575566824036835,
            "support": 76.0
        },
        "confusion_matrix": [
            [
                39,
                1,
                0
            ],
            [
                0,
                21,
                2
            ],
            [
                7,
                0,
                6
            ]
        ]
    },
    "S13": {
        "0": {
            "precision": 1.0,
            "recall": 1.0,
            "f1-score": 1.0,
            "support": 40.0
        },
        "1": {
            "precision": 0.9166666666666666,
            "recall": 1.0,
            "f1-score": 0.9565217391304348,
            "support": 22.0
        },
        "2": {
            "precision": 1.0,
            "recall": 0.8461538461538461,
            "f1-score": 0.9166666666666666,
            "support": 13.0
        },
        "accuracy": 0.9733333333333334,
        "macro avg": {
            "precision": 0.9722222222222222,
            "recall": 0.9487179487179488,
            "f1-score": 0.9577294685990339,
            "support": 75.0
        },
        "weighted avg": {
            "precision": 0.9755555555555554,
            "recall": 0.9733333333333334,
            "f1-score": 0.9728019323671497,
            "support": 75.0
        },
        "confusion_matrix": [
            [
                40,
                0,
                0
            ],
            [
                0,
                22,
                0
            ],
            [
                0,
                2,
                11
            ]
        ]
    },
    "S14": {
        "0": {
            "precision": 0.975609756097561,
            "recall": 1.0,
            "f1-score": 0.9876543209876543,
            "support": 40.0
        },
        "1": {
            "precision": 0.6363636363636364,
            "recall": 0.9545454545454546,
            "f1-score": 0.7636363636363637,
            "support": 22.0
        },
        "2": {
            "precision": 1.0,
            "recall": 0.07692307692307693,
            "f1-score": 0.14285714285714285,
            "support": 13.0
        },
        "accuracy": 0.8266666666666667,
        "macro avg": {
            "precision": 0.8706577974870657,
            "recall": 0.6771561771561773,
            "f1-score": 0.6313826091603869,
            "support": 75.0
        },
        "weighted avg": {
            "precision": 0.8803252032520326,
            "recall": 0.8266666666666667,
            "f1-score": 0.7755108759553204,
            "support": 75.0
        },
        "confusion_matrix": [
            [
                40,
                0,
                0
            ],
            [
                1,
                21,
                0
            ],
            [
                0,
                12,
                1
            ]
        ]
    },
    "S15": {
        "0": {
            "precision": 0.8863636363636364,
            "recall": 1.0,
            "f1-score": 0.9397590361445783,
            "support": 39.0
        },
        "1": {
            "precision": 1.0,
            "recall": 0.8260869565217391,
            "f1-score": 0.9047619047619048,
            "support": 23.0
        },
        "2": {
            "precision": 0.6666666666666666,
            "recall": 0.6153846153846154,
            "f1-score": 0.64,
            "support": 13.0
        },
        "accuracy": 0.88,
        "macro avg": {
            "precision": 0.8510101010101009,
            "recall": 0.8138238573021183,
            "f1-score": 0.8281736469688278,
            "support": 75.0
        },
        "weighted avg": {
            "precision": 0.8831313131313131,
            "recall": 0.88,
            "f1-score": 0.8770683495888316,
            "support": 75.0
        },
        "confusion_matrix": [
            [
                39,
                0,
                0
            ],
            [
                0,
                19,
                4
            ],
            [
                5,
                0,
                8
            ]
        ]
    },
    "S16": {
        "0": {
            "precision": 1.0,
            "recall": 1.0,
            "f1-score": 1.0,
            "support": 39.0
        },
        "1": {
            "precision": 0.8148148148148148,
            "recall": 1.0,
            "f1-score": 0.8979591836734694,
            "support": 22.0
        },
        "2": {
            "precision": 1.0,
            "recall": 0.5833333333333334,
            "f1-score": 0.7368421052631579,
            "support": 12.0
        },
        "accuracy": 0.9315068493150684,
        "macro avg": {
            "precision": 0.9382716049382717,
            "recall": 0.8611111111111112,
            "f1-score": 0.8782670963122091,
            "support": 73.0
        },
        "weighted avg": {
            "precision": 0.9441907661085743,
            "recall": 0.9315068493150684,
            "f1-score": 0.9259891411503317,
            "support": 73.0
        },
        "confusion_matrix": [
            [
                39,
                0,
                0
            ],
            [
                0,
                22,
                0
            ],
            [
                0,
                5,
                7
            ]
        ]
    },
    "S17": {
        "0": {
            "precision": 0.9512195121951219,
            "recall": 1.0,
            "f1-score": 0.975,
            "support": 39.0
        },
        "1": {
            "precision": 1.0,
            "recall": 1.0,
            "f1-score": 1.0,
            "support": 24.0
        },
        "2": {
            "precision": 1.0,
            "recall": 0.8333333333333334,
            "f1-score": 0.9090909090909091,
            "support": 12.0
        },
        "accuracy": 0.9733333333333334,