{
    "S10": {
        "0": {
            "precision": 0.9285714285714286,
            "recall": 1.0,
            "f1-score": 0.9629629629629629,
            "support": 39.0
        },
        "1": {
            "precision": 1.0,
            "recall": 1.0,
            "f1-score": 1.0,
            "support": 24.0
        },
        "2": {
            "precision": 1.0,
            "recall": 0.75,
            "f1-score": 0.8571428571428571,
            "support": 12.0
        },
        "accuracy": 0.96,
        "macro avg": {
            "precision": 0.9761904761904763,
            "recall": 0.9166666666666666,
            "f1-score": 0.9400352733686067,
            "support": 75.0
        },
        "weighted avg": {
            "precision": 0.962857142857143,
            "recall": 0.96,
            "f1-score": 0.9578835978835978,
            "support": 75.0
        }
    },
    "S11": {
        "0": {
            "precision": 0.8666666666666667,
            "recall": 0.975,
            "f1-score": 0.9176470588235294,
            "support": 40.0
        },
        "1": {
            "precision": 0.95,
            "recall": 0.8260869565217391,
            "f1-score": 0.8837209302325582,
            "support": 23.0
        },
        "2": {
            "precision": 0.7272727272727273,
            "recall": 0.6153846153846154,
            "f1-score": 0.6666666666666666,
            "support": 13.0
        },
        "accuracy": 0.868421052631579,
        "macro avg": {
            "precision": 0.847979797979798,
            "recall": 0.805490523968785,
            "f1-score": 0.8226782185742514,
            "support": 76.0
        },
        "weighted avg": {
            "precision": 0.868042264752791,
            "recall": 0.868421052631579,
            "f1-score": 0.8644490844073247,
            "support": 76.0
        }
    },
    "S13": {
        "0": {
            "precision": 0.975609756097561,
            "recall": 1.0,
            "f1-score": 0.9876543209876543,
            "support": 40.0
        },
        "1": {
            "precision": 0.9130434782608695,
            "recall": 0.9545454545454546,
            "f1-score": 0.9333333333333333,
            "support": 22.0
        },
        "2": {
            "precision": 1.0,
            "recall": 0.8461538461538461,
            "f1-score": 0.9166666666666666,
            "support": 13.0
        },
        "accuracy": 0.96,
        "macro avg": {
            "precision": 0.9628844114528102,
            "recall": 0.9335664335664337,
            "f1-score": 0.9458847736625514,
            "support": 75.0
        },
        "weighted avg": {
            "precision": 0.9614846235418876,
            "recall": 0.96,
            "f1-score": 0.9594156378600824,
            "support": 75.0
        }
    },
    "S14": {
        "0": {
            "precision": 0.9302325581395349,
            "recall": 1.0,
            "f1-score": 0.963855421686747,
            "support": 40.0
        },
        "1": {
            "precision": 0.6153846153846154,
            "recall": 0.7272727272727273,
            "f1-score": 0.6666666666666666,
            "support": 22.0
        },
        "2": {
            "precision": 0.3333333333333333,
            "recall": 0.15384615384615385,
            "f1-score": 0.21052631578947367,
            "support": 13.0
        },
        "accuracy": 0.7733333333333333,
        "macro avg": {
            "precision": 0.6263168356191612,
            "recall": 0.6270396270396271,
            "f1-score": 0.6136828013809624,
            "support": 75.0
        },
        "weighted avg": {
            "precision": 0.7344146292983503,
            "recall": 0.7733333333333333,
            "f1-score": 0.7461030085253293,
            "support": 75.0
        }
    },
    "S15": {
        "0": {
            "precision": 0.9069767441860465,
            "recall": 1.0,
            "f1-score": 0.9512195121951219,
            "support": 39.0
        },
        "1": {
            "precision": 1.0,
            "recall": 0.6956521739130435,
            "f1-score": 0.8205128205128205,
            "support": 23.0
        },
        "2": {
            "precision": 0.5625,
            "recall": 0.6923076923076923,
            "f1-score": 0.6206896551724138,
            "support": 13.0
        },
        "accuracy": 0.8533333333333334,
        "macro avg": {
            "precision": 0.8231589147286821,
            "recall": 0.7959866220735785,
            "f1-score": 0.7974739959601188,
            "support": 75.0
        },
        "weighted avg": {
            "precision": 0.8757945736434108,
            "recall": 0.8533333333333334,
            "f1-score": 0.8538442848619467,
            "support": 75.0
        }
    },
    "S16": {
        "0": {
            "precision": 1.0,
            "recall": 1.0,
            "f1-score": 1.0,
            "support": 39.0
        },
        "1": {
            "precision": 0.8461538461538461,
            "recall": 1.0,
            "f1-score": 0.9166666666666666,
            "support": 22.0
        },
        "2": {
            "precision": 1.0,
            "recall": 0.6666666666666666,
            "f1-score": 0.8,
            "support": 12.0
        },
        "accuracy": 0.9452054794520548,
        "macro avg": {
            "precision": 0.9487179487179488,
            "recall": 0.8888888888888888,
            "f1-score": 0.9055555555555556,
            "support": 73.0
        },
        "weighted avg": {
            "precision": 0.9536354056902002,
            "recall": 0.9452054794520548,
            "f1-score": 0.9420091324200913,
            "support": 73.0
        }
    },
    "S17": {
        "0": {
            "precision": 0.9512195121951219,
            "recall": 1.0,
            "f1-score": 0.975,
            "support": 39.0
        },
        "1": {
            "precision": 1.0,
            "recall": 1.0,
            "f1-score": 1.0,
            "support": 24.0
        },
        "2": {
            "precision": 1.0,
            "recall": 0.8333333333333334,
            "f1-score": 0.9090909090909091,
            "support": 12.0
        },
        "accuracy": 0.9733333333333334,
        "macro avg": {
            "precision": 0.983739837398374,
            "recall": 0.9444444444444445,
            "f1-score": 0.9613636363636364,
            "support": 75.0
        },
        "weighted avg": {
            "precision": 0.9746341463414634,
            "recall": 0.9733333333333334,
            "f1-score": 0.9724545454545455,
            "support": 75.0
        }
    },
    "S2": {
        "0": {
            "precision": 1.0,
            "recall": 0.34210526315789475,
            "f1-score": 0.5098039215686274,
            "support": 38.0
        },
        "1": {
            "precision": 0.45161290322580644,
            "recall": 0.6666666666666666,
            "f1-score": 0.5384615384615384,
            "support": 21.0
        },
        "2": {
            "precision": 0.4444444444444444,
            "recall": 1.0,
            "f1-score": 0.6153846153846154,
            "support": 12.0
        },
        "accuracy": 0.5492957746478874,
        "macro avg": {
            "precision": 0.6320191158900836,
            "recall": 0.6695906432748538,
            "f1-score": 0.5545500251382603,
            "support": 71.0
        },
        "weighted avg": {
            "precision": 0.7439042859306376,
            "recall": 0.5492957746478874,
            "f1-score": 0.5361247424213456,
            "support": 71.0
        }
    },
    "S3": {
        "0": {
            "precision": 0.9545454545454546,
            "recall": 0.5526315789473685,
            "f1-score": 0.7,
            "support": 38.0
        },
        "1": {
            "precision": 0.4634146341463415,
            "recall": 0.8636363636363636,
            "f1-score": 0.6031746031746031,
            "support": 22.0
        },
        "2": {
            "precision": 0.0,
            "recall": 0.0,