{
    "S10": {
        "1": {
            "precision": 0.8125,
            "recall": 1.0,
            "f1-score": 0.896551724137931,
            "support": 39.0
        },
        "2": {
            "precision": 1.0,
            "recall": 1.0,
            "f1-score": 1.0,
            "support": 24.0
        },
        "3": {
            "precision": 1.0,
            "recall": 0.25,
            "f1-score": 0.4,
            "support": 12.0
        },
        "accuracy": 0.88,
        "macro avg": {
            "precision": 0.9375,
            "recall": 0.75,
            "f1-score": 0.7655172413793103,
            "support": 75.0
        },
        "weighted avg": {
            "precision": 0.9025,
            "recall": 0.88,
            "f1-score": 0.8502068965517242,
            "support": 75.0
        }
    },
    "S11": {
        "1": {
            "precision": 0.8297872340425532,
            "recall": 0.975,
            "f1-score": 0.896551724137931,
            "support": 40.0
        },
        "2": {
            "precision": 0.9130434782608695,
            "recall": 0.9130434782608695,
            "f1-score": 0.9130434782608695,
            "support": 23.0
        },
        "3": {
            "precision": 0.8333333333333334,
            "recall": 0.38461538461538464,
            "f1-score": 0.5263157894736842,
            "support": 13.0
        },
        "accuracy": 0.8552631578947368,
        "macro avg": {
            "precision": 0.8587213485455854,
            "recall": 0.7575529542920848,
            "f1-score": 0.7786369972908282,
            "support": 76.0
        },
        "weighted avg": {
            "precision": 0.8555897723030981,
            "recall": 0.8552631578947368,
            "f1-score": 0.8382128187983571,
            "support": 76.0
        }
    },
    "S13": {
        "1": {
            "precision": 1.0,
            "recall": 1.0,
            "f1-score": 1.0,
            "support": 40.0
        },
        "2": {
            "precision": 0.9166666666666666,
            "recall": 1.0,
            "f1-score": 0.9565217391304348,
            "support": 22.0
        },
        "3": {
            "precision": 1.0,
            "recall": 0.8461538461538461,
            "f1-score": 0.9166666666666666,
            "support": 13.0
        },
        "accuracy": 0.9733333333333334,
        "macro avg": {
            "precision": 0.9722222222222222,
            "recall": 0.9487179487179488,
            "f1-score": 0.9577294685990339,
            "support": 75.0
        },
        "weighted avg": {
            "precision": 0.9755555555555554,
            "recall": 0.9733333333333334,
            "f1-score": 0.9728019323671497,
            "support": 75.0
        }
    },
    "S14": {
        "1": {
            "precision": 0.9523809523809523,
            "recall": 1.0,
            "f1-score": 0.975609756097561,
            "support": 40.0
        },
        "2": {
            "precision": 0.6666666666666666,
            "recall": 1.0,
            "f1-score": 0.8,
            "support": 22.0
        },
        "3": {
            "precision": 0.0,
            "recall": 0.0,
            "f1-score": 0.0,
            "support": 13.0
        },
        "accuracy": 0.8266666666666667,
        "macro avg": {
            "precision": 0.5396825396825397,
            "recall": 0.6666666666666666,
            "f1-score": 0.591869918699187,
            "support": 75.0
        },
        "weighted avg": {
            "precision": 0.7034920634920635,
            "recall": 0.8266666666666667,
            "f1-score": 0.7549918699186992,
            "support": 75.0
        }
    },
    "S15": {
        "1": {
            "precision": 0.9069767441860465,
            "recall": 1.0,
            "f1-score": 0.9512195121951219,
            "support": 39.0
        },
        "2": {
            "precision": 1.0,
            "recall": 0.782608695652174,
            "f1-score": 0.8780487804878049,
            "support": 23.0
        },
        "3": {
            "precision": 0.6428571428571429,
            "recall": 0.6923076923076923,
            "f1-score": 0.6666666666666666,
            "support": 13.0
        },
        "accuracy": 0.88,
        "macro avg": {
            "precision": 0.8499446290143964,
            "recall": 0.8249721293199554,
            "f1-score": 0.8319783197831977,
            "support": 75.0
        },
        "weighted avg": {
            "precision": 0.8897231450719824,
            "recall": 0.88,
            "f1-score": 0.8794579945799458,
            "support": 75.0
        }
    },
    "S16": {
        "1": {
            "precision": 1.0,
            "recall": 1.0,
            "f1-score": 1.0,
            "support": 39.0
        },
        "2": {
            "precision": 0.8461538461538461,
            "recall": 1.0,
            "f1-score": 0.9166666666666666,
            "support": 22.0
        },
        "3": {
            "precision": 1.0,
            "recall": 0.6666666666666666,
            "f1-score": 0.8,
            "support": 12.0
        },
        "accuracy": 0.9452054794520548,
        "macro avg": {
            "precision": 0.9487179487179488,
            "recall": 0.8888888888888888,
            "f1-score": 0.9055555555555556,
            "support": 73.0
        },
        "weighted avg": {
            "precision": 0.9536354056902002,
            "recall": 0.9452054794520548,
            "f1-score": 0.9420091324200913,
            "support": 73.0
        }
    },
    "S17": {
        "1": {
            "precision": 0.8863636363636364,
            "recall": 1.0,
            "f1-score": 0.9397590361445783,
            "support": 39.0
        },
        "2": {
            "precision": 0.92,
            "recall": 0.9583333333333334,
            "f1-score": 0.9387755102040817,
            "support": 24.0
        },
        "3": {
            "precision": 0.8333333333333334,
            "recall": 0.4166666666666667,
            "f1-score": 0.5555555555555556,
            "support": 12.0
        },
        "accuracy": 0.8933333333333333,
        "macro avg": {
            "precision": 0.8798989898989898,
            "recall": 0.7916666666666666,
            "f1-score": 0.8113633673014052,
            "support": 75.0
        },
        "weighted avg": {
            "precision": 0.8886424242424243,
            "recall": 0.8933333333333333,
            "f1-score": 0.8779717509493759,
            "support": 75.0
        }
    },
    "S2": {
        "1": {
            "precision": 1.0,
            "recall": 0.47368421052631576,
            "f1-score": 0.6428571428571429,
            "support": 38.0
        },
        "2": {
            "precision": 0.5666666666666667,
            "recall": 0.8095238095238095,
            "f1-score": 0.6666666666666666,
            "support": 21.0
        },
        "3": {
            "precision": 0.5217391304347826,
            "recall": 1.0,
            "f1-score": 0.6857142857142857,
            "support": 12.0
        },
        "accuracy": 0.6619718309859155,
        "macro avg": {
            "precision": 0.696135265700483,
            "recall": 0.7610693400167085,
            "f1-score": 0.665079365079365,
            "support": 71.0
        },
        "weighted avg": {
            "precision": 0.7909981628903857,
            "recall": 0.6619718309859155,
            "f1-score": 0.6571428571428571,
            "support": 71.0
        }
    },
    "S3": {
        "1": {
            "precision": 0.92,
            "recall": 0.6052631578947368,
            "f1-score": 0.7301587301587301,
            "support": 38.0
        },
        "2": {
            "precision": 0.8695652173913043,
            "recall": 0.9090909090909091,
            "f1-score": 0.8888888888888888,
            "support": 22.0
        },
        "3": {
            "precision": 0.44,
            "recall": 0.8461538461538461,
            "f1-score": 0.5789473684210527,
            "support": 13.0
        },